{"assets/icons/ADANIENT.png":["assets/icons/ADANIENT.png"],"assets/icons/ADANIPORTS.png":["assets/icons/ADANIPORTS.png"],"assets/icons/APOLLOHOSP.png":["assets/icons/APOLLOHOSP.png"],"assets/icons/ASIANPAINT.png":["assets/icons/ASIANPAINT.png"],"assets/icons/AUROPHARMA.png":["assets/icons/AUROPHARMA.png"],"assets/icons/AXISBANK.png":["assets/icons/AXISBANK.png"],"assets/icons/BAJAJAUTO.png":["assets/icons/BAJAJAUTO.png"],"assets/icons/BAJAJFINSV.png":["assets/icons/BAJAJFINSV.png"],"assets/icons/BAJFINANCE.png":["assets/icons/BAJFINANCE.png"],"assets/icons/BEL.png":["assets/icons/BEL.png"],"assets/icons/BHARTIARTL.png":["assets/icons/BHARTIARTL.png"],"assets/icons/BOSCHLTD.png":["assets/icons/BOSCHLTD.png"],"assets/icons/CDSL.png":["assets/icons/CDSL.png"],"assets/icons/CIPLA.png":["assets/icons/CIPLA.png"],"assets/icons/COALINDIA.png":["assets/icons/COALINDIA.png"],"assets/icons/DEEPAKNTR.png":["assets/icons/DEEPAKNTR.png"],"assets/icons/DRREDDY.png":["assets/icons/DRREDDY.png"],"assets/icons/EICHERMOT.png":["assets/icons/EICHERMOT.png"],"assets/icons/ESCORTS.png":["assets/icons/ESCORTS.png"],"assets/icons/ETERNAL.png":["assets/icons/ETERNAL.png"],"assets/icons/GRASIM.png":["assets/icons/GRASIM.png"],"assets/icons/HCLTECH.png":["assets/icons/HCLTECH.png"],"assets/icons/HDFCBANK.png":["assets/icons/HDFCBANK.png"],"assets/icons/HDFCLIFE.png":["assets/icons/HDFCLIFE.png"],"assets/icons/HEROMOTOCO.png":["assets/icons/HEROMOTOCO.png"],"assets/icons/HFCL.png":["assets/icons/HFCL.png"],"assets/icons/HINDALCO.png":["assets/icons/HINDALCO.png"],"assets/icons/HINDUNILVR.png":["assets/icons/HINDUNILVR.png"],"assets/icons/ICICIBANK.png":["assets/icons/ICICIBANK.png"],"assets/icons/IDEA.png":["assets/icons/IDEA.png"],"assets/icons/INDUSINDBK.png":["assets/icons/INDUSINDBK.png"],"assets/icons/INFY.png":["assets/icons/INFY.png"],"assets/icons/IRCTC.png":["assets/icons/IRCTC.png"],"assets/icons/ITC.png":["assets/icons/ITC.png"],"assets/icons/JIOFIN.png":["assets/icons/JIOFIN.png"],"assets/icons/JSWSTEEL.png":["assets/icons/JSWSTEEL.png"],"assets/icons/KOTAKBANK.png":["assets/icons/KOTAKBANK.png"],"assets/icons/LICI.png":["assets/icons/LICI.png"],"assets/icons/LT.png":["assets/icons/LT.png"],"assets/icons/LUPIN.png":["assets/icons/LUPIN.png"],"assets/icons/M&M.png":["assets/icons/M&M.png"],"assets/icons/MARICO.png":["assets/icons/MARICO.png"],"assets/icons/MARUTI.png":["assets/icons/MARUTI.png"],"assets/icons/NESTLEIND.png":["assets/icons/NESTLEIND.png"],"assets/icons/NMDC.png":["assets/icons/NMDC.png"],"assets/icons/NTPC.png":["assets/icons/NTPC.png"],"assets/icons/ONGC.png":["assets/icons/ONGC.png"],"assets/icons/POWERGRID.png":["assets/icons/POWERGRID.png"],"assets/icons/RELIANCE.png":["assets/icons/RELIANCE.png"],"assets/icons/SBILIFE.png":["assets/icons/SBILIFE.png"],"assets/icons/SBIN.png":["assets/icons/SBIN.png"],"assets/icons/SHREECEM.png":["assets/icons/SHREECEM.png"],"assets/icons/SHRIRAMFIN.png":["assets/icons/SHRIRAMFIN.png"],"assets/icons/SUNPHARMA.png":["assets/icons/SUNPHARMA.png"],"assets/icons/SUPREMEIND.png":["assets/icons/SUPREMEIND.png"],"assets/icons/TATACONSUM.png":["assets/icons/TATACONSUM.png"],"assets/icons/TATAMOTORS.png":["assets/icons/TATAMOTORS.png"],"assets/icons/TATASTEEL.png":["assets/icons/TATASTEEL.png"],"assets/icons/TCS.png":["assets/icons/TCS.png"],"assets/icons/TECHM.png":["assets/icons/TECHM.png"],"assets/icons/TITAGARH.png":["assets/icons/TITAGARH.png"],"assets/icons/TITAN.png":["assets/icons/TITAN.png"],"assets/icons/TORNTPOWER.png":["assets/icons/TORNTPOWER.png"],"assets/icons/TRENT.png":["assets/icons/TRENT.png"],"assets/icons/ULTRACEMCO.png":["assets/icons/ULTRACEMCO.png"],"assets/icons/WIPRO.png":["assets/icons/WIPRO.png"],"packages/font_awesome_flutter/lib/fonts/fa-brands-400.ttf":["packages/font_awesome_flutter/lib/fonts/fa-brands-400.ttf"],"packages/font_awesome_flutter/lib/fonts/fa-regular-400.ttf":["packages/font_awesome_flutter/lib/fonts/fa-regular-400.ttf"],"packages/font_awesome_flutter/lib/fonts/fa-solid-900.ttf":["packages/font_awesome_flutter/lib/fonts/fa-solid-900.ttf"]}